{"cameraMode":{"drawMode":0,"name":"Shaded","section":"Shading Mode"},"sceneLighting":true,"audioPlay":false,"sceneViewState":{"showFog":true,"showMaterialUpdate":false,"showSkybox":true,"showFlares":true,"showImageEffects":true,"showParticleSystems":true},"in2DMode":false,"pivot":{"x":15.620498657226563,"y":-13.768743515014649,"z":-28.551847457885743},"rotation":{"x":0.009008283726871014,"y":0.9284661412239075,"z":-0.3706360161304474,"w":0.022567318752408029},"size":24.711814880371095,"orthographic":false}